{"input": [0.18917217504391015, 0.19549046244935817], "label": 1.0}
{"input": [2.749896907340526, 2.677739593131424], "label": -1.0}
{"input": [1.7623054699319407, 0.77255599080377], "label": -1.0}
{"input": [5.881215001656621, 6.103772544569536], "label": -1.0}
{"input": [1.2357790057669515, 3.62726780478399], "label": -1.0}
{"input": [1.5902530323143504, 3.4669516192761356], "label": -1.0}
{"input": [0.7991752300738538, 3.089888943789481], "label": 1.0}
{"input": [5.723362932107964, 4.512709086371089], "label": -1.0}
{"input": [0.8157151156305644, 6.215751587184353], "label": 1.0}
{"input": [1.5924237052694135, 6.045377458599445], "label": -1.0}
{"input": [0.6911400852049748, 2.7934056896884765], "label": 1.0}
{"input": [4.087212309521356, 2.3093050923202227], "label": 1.0}
{"input": [0.9814768793786647, 6.139685994777629], "label": 1.0}
{"input": [3.714813488453413, 2.1089363240816583], "label": 1.0}
{"input": [4.883967169807516, 1.4500718456240964], "label": -1.0}
{"input": [1.097161692090453, 6.174244010895501], "label": 1.0}
{"input": [1.612177556200691, 5.285070397020629], "label": -1.0}
{"input": [6.235861963991099, 5.973421838010831], "label": -1.0}
{"input": [1.3478436737752546, 2.684846958578564], "label": 1.0}
{"input": [1.470587663358541, 3.7303878337053247], "label": -1.0}
{"input": [0.16128960158646555, 0.2004570564451601], "label": 1.0}
{"input": [5.707297800533187, 4.712069412549086], "label": 1.0}
{"input": [3.971737131777498, 1.931928233724485], "label": 1.0}
{"input": [0.3199377659587238, 1.2028808401964046], "label": -1.0}
{"input": [0.05360061510232654, 4.065143359220012], "label": -1.0}
{"input": [1.883051610359407, 6.257894600765944], "label": -1.0}
{"input": [1.0351823231166535, 4.574018141416988], "label": -1.0}
{"input": [2.05578794674491, 1.3626734659760158], "label": 1.0}
{"input": [4.44153552996683, 3.3302721316662653], "label": 1.0}
{"input": [0.2388841975380159, 5.503335888426965], "label": 1.0}