{"input": [5.379968347459973, 3.7678296231324793], "label": -1.0}
{"input": [5.4025295653865495, 1.429805313420765], "label": -1.0}
{"input": [0.784761365945517, 1.4734078645149036], "label": -1.0}
{"input": [0.5604237875904612, 5.698468353524246], "label": -1.0}
{"input": [0.425152747818402, 1.672056818543303], "label": -1.0}
{"input": [0.6124067816759431, 5.071924711483488], "label": -1.0}
{"input": [5.669174043722798, 1.1686077810553324], "label": -1.0}
{"input": [4.302781872620091, 0.5129211248860144], "label": -1.0}
{"input": [5.726715415270735, 3.63993696415763], "label": -1.0}
{"input": [5.229084885038138, 1.7810021152659352], "label": 1.0}
{"input": [0.8750104922862314, 4.807064073147219], "label": 1.0}
{"input": [1.3489039444633115, 4.7316137029871665], "label": 1.0}
{"input": [0.39514121039560174, 6.000123083967101], "label": 1.0}
{"input": [2.5138389320099472, 2.394499936857242], "label": 1.0}
{"input": [5.29465769632009, 4.248602727873786], "label": -1.0}
{"input": [1.1081558808438898, 5.3327466702057835], "label": 1.0}
{"input": [3.4856315698433535, 5.274296951765283], "label": 1.0}
{"input": [5.737692621023398, 0.05224264917112084], "label": 1.0}
{"input": [3.1541241262601996, 5.687557428947938], "label": 1.0}
{"input": [3.252693415524264, 0.9623361510108904], "label": 1.0}
{"input": [5.6923480254062735, 5.153119079724832], "label": -1.0}
{"input": [2.9578097306964635, 1.6811798549040702], "label": 1.0}
{"input": [3.609603958917227, 3.993837423656154], "label": 1.0}
{"input": [4.81795368731406, 3.0652428177002307], "label": -1.0}
{"input": [1.1255516672761097, 0.19057578974730216], "label": -1.0}
{"input": [0.3262764421576935, 5.016353234544647], "label": -1.0}
{"input": [0.8060052866489366, 4.871268348492843], "label": 1.0}
{"input": [4.613066217838841, 0.3805416851463938], "label": 1.0}
{"input": [2.665284622303445, 0.5300022975915345], "label": -1.0}
{"input": [6.196186124712192, 5.588890246986469], "label": 1.0}