{"input": [4.423720457992247, 0.727681942475222], "label": -1.0}
{"input": [0.14130857058585644, 1.5770209229916414], "label": -1.0}
{"input": [3.5702971864964437, 3.3895356220338093], "label": -1.0}
{"input": [0.3241588490787418, 1.560803268845879], "label": -1.0}
{"input": [1.2835174861844791, 3.747472710070245], "label": 1.0}
{"input": [1.1633019765640507, 5.303291643568977], "label": 1.0}
{"input": [1.0404496494215676, 4.498183392248533], "label": 1.0}
{"input": [3.0457515483325115, 3.7378558699849416], "label": 1.0}
{"input": [3.85845331373878, 5.979565964626475], "label": -1.0}
{"input": [3.1752026147688155, 5.525311781526189], "label": 1.0}
{"input": [5.913819293091081, 4.057655877720426], "label": 1.0}
{"input": [6.201881059091538, 5.042437478819445], "label": 1.0}
{"input": [5.222034713553035, 6.12840711166957], "label": -1.0}
{"input": [3.3136144990559533, 3.203108872857325], "label": -1.0}
{"input": [3.3133779766080522, 4.243777125547804], "label": 1.0}
{"input": [4.585128781959881, 4.15536078547344], "label": 1.0}
{"input": [1.9863592675242794, 3.0342353401690865], "label": -1.0}
{"input": [1.9769931600159527, 5.629928992192999], "label": -1.0}
{"input": [3.9416101532292536, 4.671402708979973], "label": -1.0}
{"input": [2.013664830989791, 4.489160803580139], "label": -1.0}
{"input": [4.894802666641502, 3.8165338798917983], "label": 1.0}
{"input": [1.6985145677775224, 3.122234608233851], "label": -1.0}
{"input": [0.2770343240196173, 2.7174915719583237], "label": 1.0}
{"input": [1.0332985754925181, 4.497335252768093], "label": 1.0}
{"input": [0.14926368023443456, 3.180419277043838], "label": -1.0}
{"input": [3.7931840595340156, 5.3043110344900475], "label": -1.0}
{"input": [4.835971214080417, 2.175533652645795], "label": 1.0}
{"input": [3.0018214552213807, 0.587981974192838], "label": 1.0}
{"input": [2.944739533899651, 4.620396626791416], "label": 1.0}
{"input": [1.1046326041682841, 0.23251609583055147], "label": -1.0}