{"input": [0.967869101789941, 1.6568746635916858], "label": 1.0}
{"input": [2.251726206412344, 0.23020988639435194], "label": -1.0}
{"input": [5.198209498949794, 4.426089505333934], "label": -1.0}
{"input": [0.710398631659846, 1.6844096015132335], "label": 1.0}
{"input": [0.5269962969192958, 0.8410233701417045], "label": 1.0}
{"input": [4.350887820269883, 3.102431616049452], "label": -1.0}
{"input": [1.477325669547245, 4.780956775846042], "label": 1.0}
{"input": [5.07378156743694, 5.736522734395894], "label": 1.0}
{"input": [5.283056162658968, 0.5896495676303968], "label": -1.0}
{"input": [1.3419106993978476, 3.0032049892743293], "label": -1.0}
{"input": [3.5521940001726686, 5.723659271885987], "label": -1.0}
{"input": [2.437072829613399, 4.674404032618841], "label": -1.0}
{"input": [3.10464508284469, 3.893979285655833], "label": 1.0}
{"input": [6.09161060712971, 2.4206502777581336], "label": 1.0}
{"input": [0.3798325599076756, 1.6585184193172524], "label": -1.0}
{"input": [1.5187656623556642, 3.0035232751358887], "label": -1.0}
{"input": [3.0632772388598153, 3.990431101008518], "label": 1.0}
{"input": [2.095576989255192, 3.3081488247592112], "label": -1.0}
{"input": [4.517984319517407, 0.8456992370918005], "label": -1.0}
{"input": [5.491469857142141, 4.601066144880289], "label": 1.0}
{"input": [0.13901336912442974, 4.824101359222238], "label": -1.0}
{"input": [1.1304165449982466, 5.241884379984099], "label": 1.0}
{"input": [2.5461492232870224, 3.31237234735661], "label": -1.0}
{"input": [0.841632374129352, 5.575953698328077], "label": -1.0}
{"input": [3.4530030001121923, 2.581094890634906], "label": 1.0}
{"input": [5.042318608167129, 2.1335618858624557], "label": 1.0}
{"input": [2.5039756555969293, 0.5523093624563821], "label": 1.0}
{"input": [0.5049247823320562, 3.0037900030157636], "label": -1.0}
{"input": [1.5597299990300109, 2.143316977479747], "label": 1.0}
{"input": [0.2910768363611669, 4.246292005220107], "label": 1.0}
{"input": [0.905060059888481, 0.3572823285804274], "label": -1.0}
{"input": [0.7178645978256868, 4.584564728366793], "label": 1.0}
{"input": [6.075693097870651, 1.8682935768875435], "label": -1.0}
{"input": [3.0805054742347195, 1.1381028401564017], "label": 1.0}
{"input": [1.9702839640935335, 1.6555962630728516], "label": -1.0}
{"input": [2.593331661853469, 6.165695816765197], "label": 1.0}
{"input": [3.999100017355003, 4.673492315281147], "label": -1.0}
{"input": [4.4363976575619635, 2.8084581158879267], "label": -1.0}
{"input": [4.471150296518453, 4.469717764909717], "label": 1.0}
{"input": [4.7624696718031965, 0.10130208160257427], "label": 1.0}
{"input": [0.46002117000836595, 0.013361124132567742], "label": 1.0}
{"input": [0.5490708925323796, 5.461504535376228], "label": 1.0}
{"input": [3.1789213563295298, 1.3094885371064733], "label": 1.0}
{"input": [5.007782118338321, 5.17558090635436], "label": 1.0}
{"input": [5.37492795125524, 2.9010002275081064], "label": -1.0}
{"input": [5.243509397226368, 6.08833010795461], "label": -1.0}
{"input": [5.719664742876491, 4.389498206523395], "label": 1.0}
{"input": [3.2873097647420093, 4.83127321993412], "label": 1.0}
{"input": [1.5583133976685841, 3.2199587223939283], "label": -1.0}
{"input": [1.6079445484907098, 3.0937203704546627], "label": -1.0}
{"input": [1.0744780854827076, 3.2736292942409846], "label": -1.0}
{"input": [1.641997305602927, 1.4001320325436177], "label": 1.0}
{"input": [1.8997386388388746, 3.040250672803169], "label": -1.0}
{"input": [4.1638685836983, 0.3833548402268063], "label": -1.0}
{"input": [2.0346616548220693, 2.3134714819995876], "label": 1.0}
{"input": [4.2568701470474215, 2.648024414603821], "label": -1.0}
{"input": [2.5291226451926914, 6.041061242522896], "label": 1.0}
{"input": [0.55368026697399, 5.785204082962934], "label": -1.0}
{"input": [1.8157966910969108, 2.958573524825823], "label": -1.0}
{"input": [1.6481715318126018, 3.0731486500828655], "label": -1.0}
{"input": [4.46818540006884, 3.2064328602981793], "label": -1.0}
{"input": [6.166708441816329, 1.8512113952779379], "label": -1.0}
{"input": [4.363499083157681, 2.27922384229579], "label": 1.0}
{"input": [1.6058831969291136, 5.066455476619858], "label": 1.0}
{"input": [1.4054971372814367, 3.2472943862312365], "label": -1.0}
{"input": [1.2782805388586864, 0.5993196037178334], "label": 1.0}
{"input": [5.130856609397404, 5.162577092710618], "label": 1.0}
{"input": [3.413594589883626, 3.8347706329853675], "label": 1.0}
{"input": [5.029598121065614, 5.208560833581722], "label": 1.0}
{"input": [1.2018353018205024, 6.1507460169044865], "label": -1.0}