{"input": [1.7659725457302826, 0.6303145937419159], "label": -1.0}
{"input": [5.803656345258584, 1.3326750203869937], "label": -1.0}
{"input": [0.35463260954782977, 5.454558999145612], "label": 1.0}
{"input": [2.25499723412289, 3.3006597263816397], "label": -1.0}
{"input": [4.6858939780463285, 2.2821391956682886], "label": 1.0}
{"input": [0.2856627597992214, 5.2856711186652], "label": 1.0}
{"input": [2.1539819825389173, 5.915426700174476], "label": -1.0}
{"input": [0.040653232782393245, 1.1173779016382661], "label": 1.0}
{"input": [4.309283472966461, 0.6588605832928761], "label": -1.0}
{"input": [0.21393019973600685, 2.2514441161198695], "label": 1.0}
{"input": [2.765151040126097, 4.190633563278198], "label": 1.0}
{"input": [4.874270597039922, 6.270994851361359], "label": 1.0}
{"input": [2.081376445094522, 1.213803856742755], "label": -1.0}
{"input": [0.799407411655397, 3.170856466236598], "label": -1.0}
{"input": [2.274750678073571, 1.665604453204192], "label": -1.0}
{"input": [5.086039210589627, 5.422178506631575], "label": 1.0}
{"input": [2.965857496256633, 0.6600456839494093], "label": 1.0}
{"input": [0.2575321959571346, 3.874526059029704], "label": -1.0}
{"input": [1.6627027606045595, 0.9377097042076777], "label": -1.0}
{"input": [4.921234900075486, 5.946594922974413], "label": 1.0}
{"input": [0.517219515403836, 1.3650433818842218], "label": -1.0}
{"input": [0.7548761838968886, 5.167830344166251], "label": -1.0}
{"input": [3.154013458661185, 1.1430442761232782], "label": 1.0}
{"input": [0.9489951352096319, 5.514099240873653], "label": 1.0}
{"input": [4.899160444458701, 2.487033138064205], "label": 1.0}
{"input": [0.260994619198902, 2.747475121864029], "label": 1.0}
{"input": [1.24398100512889, 5.655127889387523], "label": 1.0}
{"input": [4.606070324555309, 5.3491210366191275], "label": -1.0}
{"input": [4.7364153038479335, 0.16981592055293251], "label": 1.0}
{"input": [3.516560022369143, 2.04690510796739], "label": 1.0}
{"input": [5.766970251845408, 1.9284265094223936], "label": 1.0}
{"input": [0.7104333476611927, 5.348454386828937], "label": 1.0}
{"input": [0.6658803686995451, 2.2085064656824795], "label": 1.0}
{"input": [0.6585695617183819, 4.994820132640549], "label": -1.0}
{"input": [3.0136520157176916, 4.00182428901018], "label": 1.0}
{"input": [0.5890319805602775, 1.5551535191267487], "label": -1.0}
{"input": [0.9912212683015792, 5.409337057719692], "label": 1.0}
{"input": [0.18723210345813043, 3.75399050589098], "label": -1.0}
{"input": [1.9629785139873506, 5.877370443718569], "label": -1.0}
{"input": [2.2457825097052684, 3.1948457145850906], "label": -1.0}
{"input": [5.187128066683678, 3.759802788697097], "label": 1.0}
{"input": [0.7370354603517815, 3.3117529516183626], "label": -1.0}
{"input": [4.172160849146145, 5.484706695774211], "label": 1.0}
{"input": [1.0650628642236875, 2.747433713678968], "label": 1.0}
{"input": [0.14363853367795523, 4.105020730658578], "label": 1.0}
{"input": [0.848889843422452, 2.934184501178943], "label": -1.0}
{"input": [5.848437351798363, 4.182778598147847], "label": 1.0}
{"input": [4.432837207785562, 5.865738086543585], "label": -1.0}
{"input": [3.664238039862039, 2.5415055086342746], "label": 1.0}
{"input": [5.962929654036224, 4.023162159195119], "label": 1.0}
{"input": [3.956385997802554, 2.236905545938218], "label": 1.0}
{"input": [6.211046738070537, 3.255916331598884], "label": -1.0}
{"input": [1.132800671411157, 0.13033206366487574], "label": -1.0}
{"input": [5.490514844211302, 3.204481388520365], "label": -1.0}
{"input": [4.959213299377385, 0.6161169490771501], "label": 1.0}
{"input": [4.321693986927305, 5.960594985314682], "label": -1.0}
{"input": [4.426651198062421, 0.6130286661069054], "label": -1.0}
{"input": [5.843596680825389, 1.417684534180871], "label": -1.0}
{"input": [5.107161604805103, 1.4932453296179538], "label": 1.0}
{"input": [5.023878845654755, 3.1781911233662252], "label": -1.0}
{"input": [2.1054134470494987, 2.7616486934204083], "label": -1.0}
{"input": [0.7250249910063985, 1.2235493397732766], "label": -1.0}
{"input": [5.018550215920917, 1.1829216606045678], "label": 1.0}
{"input": [6.276648109487283, 4.708239217715184], "label": -1.0}
{"input": [0.746267450722041, 4.382614626006535], "label": 1.0}
{"input": [3.3307783857573288, 2.959702811689861], "label": -1.0}
{"input": [0.09576990373427244, 2.0872366456502496], "label": 1.0}
{"input": [1.6399410216549117, 1.0568003777176807], "label": -1.0}
{"input": [2.2819573742896258, 1.1681463653228497], "label": -1.0}
{"input": [1.149286881122244, 3.2576756902438966], "label": -1.0}