{"input": [2.8188292227444993, 0.525094622118047], "label": -1.0}
{"input": [2.095580928393446, 0.8421631901428798], "label": 1.0}
{"input": [3.5560227107762277, 1.8259202573619533], "label": 1.0}
{"input": [1.481716364046446, 1.0504511552641869], "label": -1.0}
{"input": [1.200003650368678, 0.015470276092148622], "label": 1.0}
{"input": [4.082825458300391, 1.4321451884141982], "label": 1.0}
{"input": [4.186478683049375, 3.3920501957538263], "label": 1.0}
{"input": [1.1554247520092398, 1.087297379850807], "label": -1.0}
{"input": [6.130737823983627, 0.44238825021225103], "label": -1.0}
{"input": [4.620576072470477, 2.914686958621233], "label": 1.0}
{"input": [4.644186048510425, 0.6543090330664976], "label": -1.0}
{"input": [2.5910285299058122, 6.245113466445095], "label": -1.0}
{"input": [3.0977373680743465, 2.5645115819800663], "label": -1.0}
{"input": [5.232430431200892, 0.5794598510381698], "label": 1.0}
{"input": [2.5332916419653766, 4.552303653414551], "label": 1.0}
{"input": [4.614889213839849, 1.9467015187172154], "label": 1.0}
{"input": [3.7585575739567, 3.1185076080018304], "label": 1.0}
{"input": [4.984558861044762, 3.7835611043211643], "label": 1.0}
{"input": [4.042019752440191, 6.095069406756682], "label": 1.0}
{"input": [5.93863163852452, 2.6616920411383687], "label": -1.0}
{"input": [4.080261719996017, 1.623876033015223], "label": 1.0}
{"input": [0.5692379817467335, 3.838234827533043], "label": -1.0}
{"input": [0.42197197802439435, 2.330105605166448], "label": 1.0}
{"input": [1.6248643918542864, 5.194806883562993], "label": -1.0}
{"input": [3.3922480431736526, 0.24521973036205108], "label": 1.0}
{"input": [4.364595382722881, 5.148156187349737], "label": -1.0}
{"input": [2.4060292007446127, 4.9643600079837915], "label": 1.0}
{"input": [2.252445459746309, 3.977577198955872], "label": 1.0}
{"input": [4.64498635797345, 1.9544537497855543], "label": 1.0}
{"input": [2.462006683509636, 3.8930114706772403], "label": 1.0}
{"input": [4.172747058358905, 0.05775906744264297], "label": 1.0}
{"input": [1.124322112121745, 4.8799768164710535], "label": -1.0}
{"input": [0.6504318570644807, 0.8247846103417378], "label": -1.0}
{"input": [0.7401182329817407, 3.127518622402356], "label": 1.0}
{"input": [5.318646098183931, 0.8959743259126223], "label": -1.0}
{"input": [4.995671806511002, 1.0238277314599449], "label": 1.0}
{"input": [2.4558899792164035, 0.6463332120419493], "label": -1.0}
{"input": [3.011972446501243, 2.726683044619197], "label": -1.0}
{"input": [0.5790782378777206, 5.942410240360871], "label": 1.0}
{"input": [2.638401275984347, 3.399997794190416], "label": 1.0}
{"input": [1.6840353764672273, 3.682922514977969], "label": -1.0}
{"input": [5.591076303597944, 5.380301401474548], "label": -1.0}
{"input": [2.3065028515675894, 1.926118904964949], "label": 1.0}
{"input": [0.7386218996465993, 3.2978593154095326], "label": 1.0}
{"input": [3.0706305111084853, 0.33139473843255246], "label": -1.0}
{"input": [0.1558727674266598, 0.4631172187209193], "label": -1.0}
{"input": [4.605870964237828, 3.0662342432713543], "label": 1.0}
{"input": [5.7886925518802075, 3.5958737669180496], "label": -1.0}
{"input": [1.0772943009061424, 5.4817421184561885], "label": -1.0}
{"input": [4.482127853656787, 5.399910045934849], "label": -1.0}
{"input": [1.1674201314825303, 2.6731872406500035], "label": 1.0}
{"input": [3.402735908374505, 0.47704411426969945], "label": 1.0}
{"input": [6.17138129797133, 0.5691838310769268], "label": -1.0}
{"input": [5.669454983419559, 4.418986536712892], "label": -1.0}
{"input": [1.3311666366466601, 1.5650964638041047], "label": -1.0}
{"input": [0.5305452282330843, 2.9917701181066674], "label": 1.0}
{"input": [1.8999911182619686, 0.8710700426452325], "label": -1.0}
{"input": [5.307483808403546, 2.483693266222447], "label": -1.0}
{"input": [1.1133137639066006, 1.1882164701339477], "label": -1.0}
{"input": [0.6547897394649413, 1.5749537109639224], "label": -1.0}
{"input": [5.194961852369892, 5.889477541827681], "label": -1.0}
{"input": [0.9243703372866119, 4.709859822308354], "label": -1.0}
{"input": [2.2779406868476553, 6.239038468833593], "label": 1.0}
{"input": [2.396895795056604, 0.6504619349522799], "label": -1.0}
{"input": [1.9560266590059148, 2.101022114899641], "label": 1.0}
{"input": [6.056836772944458, 4.346627673875056], "label": -1.0}
{"input": [1.7960414213639717, 0.33446710941987845], "label": 1.0}
{"input": [2.7873712099534393, 0.2501463775198611], "label": -1.0}
{"input": [2.4220790566225117, 3.775424859441644], "label": 1.0}
{"input": [0.8088510473278917, 3.2153144259907367], "label": 1.0}